circuitstring,Parameters
"P1-[P2,P3]-R4","{'P1w': 5.2884052207791107e-05, 'P1n': 0.8001276208567482, 'P2w': 1.8248110883525536e-06, 'P2n': 0.9696467250870887, 'P3w': 3.922752552974003e-07, 'P3n': 0.12942820354226325, 'R4': 140.45131637358068}"
"[P1-R2-[L3,R4],P5]-[[[R6,P7],R8],R9]-R10","{'P1w': 2.1254296128397496e-06, 'P1n': 0.39000673404315617, 'R2': 2682286.666564631, 'L3': 4.25915268210708, 'R4': 828079552.3505166, 'P5w': 1.8114409751641031e-06, 'P5n': 0.9562852661452335, 'R6': 912734662.8352242, 'P7w': 0.027557156597143653, 'P7n': 0.056904756246958996, 'R8': 892563902.9999864, 'R9': 718679420.5553324, 'R10': 121.25033033981501}"
"R1-[P2,P3-L4-R5]","{'R1': 141.2402339678145, 'P2w': 1.817298915259384e-06, 'P2n': 0.9549161504791693, 'P3w': 2.2755047814957806e-06, 'P3n': 0.4002444801059457, 'L4': 4.999999987095746, 'R5': 2753990.7476816443}"
"R1-[P2-L3,P4]","{'R1': 3255624.2009832948, 'P2w': 999999999.9996995, 'P2n': 1.532979039966224e-13, 'L3': 4.577444854007526, 'P4w': 16.899680769223988, 'P4n': 1.0}"
"[P1,R2]-[P3,R4]-R5","{'P1w': 2.2077877340732252e-05, 'P1n': 0.9236660659658841, 'R2': 4456958.056719343, 'P3w': 2.045280186242413e-06, 'P3n': 0.9520750209892647, 'R4': 3130914.043560917, 'R5': 140.5658797299194}"
"P1-[L2-P3,[P4,R5]]-R6-R7","{'P1w': 711616345.3413404, 'P1n': 0.9986869524791712, 'L2': 3.888935869508398, 'P3w': 866257698.9629997, 'P3n': 0.9999999999998477, 'P4w': 11.147753468486105, 'P4n': 0.9999999999999999, 'R5': 999999999.9999999, 'R6': 1458968.950563604, 'R7': 1765120.8006630328}"
"R1-[R2-[P3,R4],P5]-[P6,R7]","{'R1': 140.7950136263357, 'R2': 3310178.2026941585, 'P3w': 6.0157421810865195e-05, 'P3n': 0.9165078922075611, 'R4': 302310723.92712027, 'P5w': 1.4768698149929219e-05, 'P5n': 0.9653441294149436, 'P6w': 2.105891582016131e-06, 'P6n': 0.950596128441703, 'R7': 2726168.2408882463}"
